,0
locus_AKAP9,{'AKAP9'}
locus_ANK2,{'ANK2'}
locus_CACNA2D1,{'CACNA2D1'}
locus_CACNB2,{'CACNB2'}
locus_CALM1,{'CALM1'}
locus_CALM2,{'CALM2'}
locus_CALM3,{'CALM3'}
locus_CAV3,{'CAV3'}
locus_DDX17,{'DDX17'}
locus_FAM13B,{'FAM13B'}
locus_GPD1L,{'GPD1L'}
locus_KCND3,{'KCND3'}
locus_KCNE3,{'KCNE3'}
locus_PRKAG2,{'PRKAG2'}
locus_RYR2,{'RYR2'}
locus_SCN1B,{'SCN1B'}
locus_SCN3B,{'SCN3B'}
locus_SCN4B,{'SCN4B'}
locus_SNTA1,{'SNTA1'}
locus_SYPL2,{'SYPL2'}
locus_TECRL,{'TECRL'}
locus_TRDN,{'TRDN'}
locus_VPS29,{'VPS29'}
rs10040989+rs1468333,{'CDC23'}
rs1042391+rs7765828,{'GMPR'}
rs10457327+rs11153730+rs12210733+rs3734381+rs3734382+rs3902035+rs3951016+rs9489510,{'SSXP10'}
rs1047640+rs938291,{'SP3'}
rs10484885,{'MAP3K7'}
rs10488821,{'MPPED2'}
rs10497520+rs151041685+rs34819099+rs72648998+rs7561149+rs922984,{'TTN'}
rs10497529,{'SESTD1'}
rs1050288,{'KLHL42'}
rs10507540,{'ESD'}
rs1052536+rs2230553+rs9635769,{'LIG3'}
rs10739663,{'MAPKAP1'}
rs10767455,{'ANO3'}
rs10775360+rs1396515+rs17763769+rs236586,{'KCNJ2'}
rs10778876,{'CCDC59'}
rs10789207,{'SGIP1'}
rs10820614,{'HABP4'}
rs10841486,{'PDE3A'}
rs10850409+rs1896312+rs7132327,{'TBX3'}
rs10853525+rs991014,{'SETBP1'}
rs10865879+rs11708996+rs11710077+rs12053903+rs12632942+rs1805124+rs2051211+rs41312411+rs57326399+rs6599234+rs6599250+rs6599255+rs6793245+rs6795970+rs6801957+rs9851724,{'SCN10A'}
rs10880689,{'ALG10B'}
rs10919070+rs12061601+rs12079745,{'ATP1B1'}
rs1106399,{'ORC2'}
rs11067773,{'MED13L'}
rs11068997,{'TCHP'}
rs11079159,{'HLF'}
rs11081761,{'GAREM1'}
rs11083258,{'CDH2'}
rs112421686,{'PARVA'}
rs11264339,{'THBS3'}
rs11454451,{'SPATA17'}
rs11465506+rs422068,{'IL25'}
rs11563648,{'ZNF800'}
rs116202356,{'DLEC1'}
rs11700980,{'N6AMT1'}
rs1171563,{'MEF2D'}
rs117159291,{'CTAGE1'}
rs11763856,{'HERPUD2'}
rs11779860,{'LAPTM4B'}
rs11848785+rs12880291+rs17767398,{'SIPA1L1'}
rs11920570+rs1801725,{'CASR'}
rs12036340+rs12143842+rs16857031+rs17457880+rs3934467+rs4656345+rs4657172+rs6669543+rs7545047,{'NOS1AP'}
rs12039739+rs4074536,{'CASQ2'}
rs12127701,{'MYBPHL'}
rs12132562,{'PIGC'}
rs12257568,{'SH3PXD2A'}
rs12359272,{'ALDH18A1'}
rs12364753,{'UBXN1'}
rs12430683,{'TM9SF2'}
rs12444261+rs12930096+rs7198919+rs735951,{'LITAF'}
rs12468579,{'CAVIN2'}
rs12501032,{'PPARGC1A'}
rs12576326,{'TP53I11'}
rs12579753,{'PPFIA2'}
rs1260326,{'GCKR'}
rs1264353,{'DDR1'}
rs12678719,{'OXR1'}
rs12713404,{'BCL11A'}
rs12721051,{'APOC1'}
rs12764182,{'LRMDA'}
rs12889267,{'ARHGEF40'}
rs12941356,{'SREBF1'}
rs1296720,{'CREBBP'}
rs12997023+rs6544311,{'SLC8A1'}
rs13002735,{'B3GNT7'}
rs13018106,{'FIGN'}
rs13087058,{'PDZRN3'}
rs13165478+rs13185595,{'HAND1'}
rs13165531,{'CDH6'}
rs13195040,{'ZNF184'}
rs1320761+rs3792943,{'GJA1'}
rs1321311+rs236349+rs9470361,{'PPIL1'}
rs13314892,{'MITF'}
rs1344852,{'SLIT2'}
rs1361754+rs1775154,{'PM20D1'}
rs1362212+rs1419856+rs58437978,{'TBX20'}
rs1372797,{'DBX1'}
rs138186803+rs2129561,{'MKLN1'}
rs1388107+rs7726558,{'DTWD2'}
rs1397988,{'PIK3C3'}
rs140367586,{'GAL3ST4'}
rs1408224+rs9590974,{'LRCH1'}
rs1439840,{'CNTNAP5'}
rs145358377+rs200882245+rs2273042+rs709209+rs846111,{'RNF207'}
rs1478173,{'OTOL1'}
rs1483890+rs900669,{'FRMD4B'}
rs1549118,{'ADCK1'}
rs1562782,{'AMPD3'}
rs1592560,{'NUBP1'}
rs1606812,{'ACVR2A'}
rs164133+rs17460657+rs347272,{'C1orf226'}
rs16858828,{'ABHD10'}
rs16870629+rs737154,{'SLC12A7'}
rs16895033,{'ZHX2'}
rs16936870,{'NCOA2'}
rs16974196,{'C19orf47'}
rs17020136+rs3770770,{'HEATR5B'}
rs17081313,{'PCDH7'}
rs17107548,{'NRXN3'}
rs17156495,{'DNAJB9'}
rs17180489,{'DPF3'}
rs17201923,{'FLRT2'}
rs17211409,{'HIKESHI'}
rs17265513,{'ZHX3'}
rs17281245,{'DCTD'}
rs17287293+rs4963772,{'BCAT1'}
rs1733724,{'DKK1'}
rs17391905,{'C1orf185'}
rs17446418,{'CAMK2D'}
rs174536+rs174577+rs174583,{'TMEM258'}
rs17494056,{'WDSUB1'}
rs17608766,{'GOSR2'}
rs17639063,{'CADPS'}
rs1777084,{'FSCB'}
rs17784882,{'ELP6'}
rs17881696,{'ACHE'}
rs180239,{'GNG11'}
rs1805123+rs2072413+rs3807375,{'KCNH2'}
rs1805128,{'KCNE1'}
rs182770070,{'NMNAT1'}
rs1886512+rs728926,{'KLF12'}
rs1890262,{'L1TD1'}
rs1961102,{'AZIN1'}
rs1983546+rs6018+rs6027+rs6033,{'SLC19A2'}
rs1984481,{'ARHGAP44'}
rs1991601+rs564190295,{'WIPF1'}
rs1994135,{'SYT10'}
rs1997103,{'LANCL2'}
rs200214,{'FARS2'}
rs2025096,{'GSS'}
rs2070492,{'XYLB'}
rs2074238+rs2301696+rs7122937,{'KCNQ1'}
rs2076028,{'SUN2'}
rs2134953,{'CSMD1'}
rs2152735,{'LMO4'}
rs2182486,{'SPART'}
rs2207790+rs9436640,{'TM2D1'}
rs2242285,{'LRIG1'}
rs2273905,{'ANKRD9'}
rs2283274,{'CACNA1C'}
rs2283847,{'MN1'}
rs2298632,{'TCEA3'}
rs2358740+rs4687718,{'TKT'}
rs2363719,{'SLC4A4'}
rs2419577,{'RBM20'}
rs242562,{'STH'}
rs246185,{'MRTFB'}
rs246196+rs4784934,{'NDRG4'}
rs2485376,{'PITX3'}
rs255292+rs4868243,{'BNIP1'}
rs2585897,{'XPO4'}
rs272564,{'TMEM53'}
rs2732860,{'TMEM182'}
rs2744375+rs7771320,{'DSP'}
rs2745959+rs41317993,{'CD34'}
rs2926743+rs2958149,{'NACA'}
rs295140,{'SPATS2L'}
rs2997447,{'TRIM63'}
rs3026445,{'ATP2A2'}
rs3105593,{'TRPM7'}
rs3189030,{'NRAP'}
rs343849,{'ARHGAP24'}
rs359466,{'CPEB4'}
rs3733409,{'FAT1'}
rs3736352,{'TINAG'}
rs3749237,{'IP6K1'}
rs3777755,{'EDN1'}
rs3807989+rs9920,{'CAV1'}
rs3825214+rs6489953+rs883079,{'TBX5'}
rs3856447,{'ID2'}
rs3857067+rs7439869,{'SMARCAD1'}
rs3915499,{'CEP20'}
rs3929778,{'BMP2'}
rs397637,{'OBSCN'}
rs404321,{'TRIM74'}
rs41748,{'CAPZA2'}
rs4362469,{'SOCS6'}
rs4430933+rs62144050,{'MEIS1'}
rs457162,{'SLC35F1'}
rs4591595,{'NKX6-1'}
rs4608502,{'MFF'}
rs4642101,{'CAND2'}
rs4648819,{'SKI'}
rs4708832,{'SOD2'}
rs4855537,{'EOGT'}
rs4900069,{'DGLUCY'}
rs4901308,{'FERMT2'}
rs4911179+rs6088791,{'RALY'}
rs545833,{'DPT'}
rs55910611+rs907683,{'SLC4A3'}
rs56233017,{'PLEC'}
rs6035275,{'SLC24A3'}
rs6123471,{'TGM2'}
rs61735998+rs879568,{'TPGS2'}
rs62172372,{'CALCRL'}
rs624896,{'KCNN2'}
rs6441111,{'LINC00881'}
rs652673,{'WNT11'}
rs6683273,{'ARHGEF16'}
rs6718130,{'NT5C1B'}
rs6762208+rs7638853,{'SENP2'}
rs6845865,{'NR3C2'}
rs6968945,{'TNS3'}
rs7173389,{'HCN4'}
rs718426,{'MICU2'}
rs7194801,{'CDH11'}
rs7195486,{'SRL'}
rs7211246,{'SLC6A4'}
rs7283707,{'USP25'}
rs728478,{'YPEL2'}
rs73158705,{'CHRM2'}
rs7342028+rs7918405,{'TCF7L2'}
rs748802,{'SPAAR'}
rs75190942,{'KCNJ5'}
rs7537765,{'NPPA'}
rs7538988,{'TTC39A'}
rs7562790,{'CRIM1'}
rs75714509,{'TCTN1'}
rs7595140,{'DYSF'}
rs7612445,{'GNB4'}
rs7713675,{'CDH9'}
rs7729395,{'PAM'}
rs7784776,{'IGFBP3'}
rs7808970,{'NYAP1'}
rs7861565,{'CNTLN'}
rs7909027,{'NSUN6'}
rs79121763,{'TEKT3'}
rs830233,{'TENM2'}
rs867400,{'RASSF3'}
rs881301,{'FGFR1'}
rs904974,{'TLE3'}
rs9296504,{'SLC25A27'}
rs9326726,{'FER'}
rs9826413,{'EOMES'}
rs985292,{'KIRREL3'}
rs9853921,{'IGSF11'}
rs9892651+rs9912468,{'PRKCA'}
rs9966832,{'RIOK3'}
